company,platform,title,url
Duolingo,Greenhouse,"AI Research Engineer, New PhD Graduate",https://careers.duolingo.com/jobs/8151163002?gh_jid=8151163002
Duolingo,Greenhouse,"AI Research Engineer, New PhD Graduate",https://careers.duolingo.com/jobs/8169815002?gh_jid=8169815002
Duolingo,Greenhouse,Assistant Controller,https://careers.duolingo.com/jobs/8456737002?gh_jid=8456737002
Duolingo,Greenhouse,"Business Development and Partnerships Lead, LATAM",https://careers.duolingo.com/jobs/8369239002?gh_jid=8369239002
Duolingo,Greenhouse,Business Development Manager,https://careers.duolingo.com/jobs/8455252002?gh_jid=8455252002
Duolingo,Greenhouse,Country Marketing Associate,https://careers.duolingo.com/jobs/8405075002?gh_jid=8405075002
Duolingo,Greenhouse,"Country Marketing Manager, Turkey",https://careers.duolingo.com/jobs/8448693002?gh_jid=8448693002
Duolingo,Greenhouse,Director of Internal Communications,https://careers.duolingo.com/jobs/8448961002?gh_jid=8448961002
Duolingo,Greenhouse,Director of Internal Communications,https://careers.duolingo.com/jobs/8448942002?gh_jid=8448942002
Duolingo,Greenhouse,"Director of Learning Design, Language Learning",https://careers.duolingo.com/jobs/8236638002?gh_jid=8236638002
Duolingo,Greenhouse,Director of Product Design,https://careers.duolingo.com/jobs/8398191002?gh_jid=8398191002
Duolingo,Greenhouse,Director of Product Design,https://careers.duolingo.com/jobs/8398180002?gh_jid=8398180002
Duolingo,Greenhouse,"Director of Product Management, Growth",https://careers.duolingo.com/jobs/8390634002?gh_jid=8390634002
Duolingo,Greenhouse,"Director of Product Management, Growth",https://careers.duolingo.com/jobs/8390622002?gh_jid=8390622002
Duolingo,Greenhouse,"Director, People Business Partner",https://careers.duolingo.com/jobs/8449530002?gh_jid=8449530002
Duolingo,Greenhouse,Engineering Director,https://careers.duolingo.com/jobs/8444624002?gh_jid=8444624002
Duolingo,Greenhouse,Group Product Manager,https://careers.duolingo.com/jobs/8405083002?gh_jid=8405083002
Duolingo,Greenhouse,"Group Product Manager, Duolingo English Test",https://careers.duolingo.com/jobs/8446105002?gh_jid=8446105002
Duolingo,Greenhouse,"Head of DTC, Commerce",https://careers.duolingo.com/jobs/8407340002?gh_jid=8407340002
Duolingo,Greenhouse,"Head of DTC, Commerce",https://careers.duolingo.com/jobs/8407102002?gh_jid=8407102002
Duolingo,Greenhouse,"Head of DTC, Commerce",https://careers.duolingo.com/jobs/8407337002?gh_jid=8407337002
Duolingo,Greenhouse,"Head of DTC, Commerce",https://careers.duolingo.com/jobs/8407338002?gh_jid=8407338002
Duolingo,Greenhouse,Head of Duolingo Academy (Leadership Development),https://careers.duolingo.com/jobs/8414252002?gh_jid=8414252002
Duolingo,Greenhouse,Head of Duolingo Academy (Leadership Development),https://careers.duolingo.com/jobs/8414266002?gh_jid=8414266002
Duolingo,Greenhouse,Platform Engineer II,https://careers.duolingo.com/jobs/8449895002?gh_jid=8449895002
Duolingo,Greenhouse,"Product Marketing Manager, Duolingo Chess",https://careers.duolingo.com/jobs/8331172002?gh_jid=8331172002
Duolingo,Greenhouse,"Product Marketing Manager, Duolingo Chess",https://careers.duolingo.com/jobs/8331203002?gh_jid=8331203002
Duolingo,Greenhouse,"Product Marketing Manager, Duolingo Math",https://careers.duolingo.com/jobs/8400588002?gh_jid=8400588002
Duolingo,Greenhouse,"Product Marketing Manager, Duolingo Math",https://careers.duolingo.com/jobs/8400553002?gh_jid=8400553002
Duolingo,Greenhouse,"Regional Marketing Manager, MENA",https://careers.duolingo.com/jobs/8240009002?gh_jid=8240009002
Duolingo,Greenhouse,Senior Account Executive,https://careers.duolingo.com/jobs/8374797002?gh_jid=8374797002
Duolingo,Greenhouse,Senior Account Executive,https://careers.duolingo.com/jobs/8446736002?gh_jid=8446736002
Duolingo,Greenhouse,Senior Account Executive,https://careers.duolingo.com/jobs/8444411002?gh_jid=8444411002
Duolingo,Greenhouse,Senior Account Executive,https://careers.duolingo.com/jobs/8444398002?gh_jid=8444398002
Duolingo,Greenhouse,Senior Android Engineer,https://careers.duolingo.com/jobs/8215862002?gh_jid=8215862002
Duolingo,Greenhouse,Senior Android Engineer,https://careers.duolingo.com/jobs/8217266002?gh_jid=8217266002
Duolingo,Greenhouse,"Senior Android Engineer, App Builds",https://careers.duolingo.com/jobs/8453396002?gh_jid=8453396002
Duolingo,Greenhouse,Senior Community Manager,https://careers.duolingo.com/jobs/8385181002?gh_jid=8385181002
Duolingo,Greenhouse,Senior Community Manager,https://careers.duolingo.com/jobs/8385180002?gh_jid=8385180002
Duolingo,Greenhouse,Senior Community Manager,https://careers.duolingo.com/jobs/8345186002?gh_jid=8345186002
Duolingo,Greenhouse,Senior Content Producer,https://careers.duolingo.com/jobs/8453338002?gh_jid=8453338002
Duolingo,Greenhouse,"Senior Director, Creative Marketing",https://careers.duolingo.com/jobs/8442932002?gh_jid=8442932002
Duolingo,Greenhouse,"Senior Director, Creative Marketing",https://careers.duolingo.com/jobs/8442934002?gh_jid=8442934002
Duolingo,Greenhouse,"Senior Engineering Manager, New Initiatives",https://careers.duolingo.com/jobs/8385137002?gh_jid=8385137002
Duolingo,Greenhouse,Senior Executive Assistant,https://careers.duolingo.com/jobs/8400423002?gh_jid=8400423002
Duolingo,Greenhouse,Senior Gameplay Programmer,https://careers.duolingo.com/jobs/8424809002?gh_jid=8424809002
Duolingo,Greenhouse,"Senior iOS Engineer, App Builds",https://careers.duolingo.com/jobs/8054750002?gh_jid=8054750002
Duolingo,Greenhouse,"Senior iOS Engineer, Application Stability & Performance",https://careers.duolingo.com/jobs/8369151002?gh_jid=8369151002
Duolingo,Greenhouse,Senior iOS Software Engineer,https://careers.duolingo.com/jobs/8318257002?gh_jid=8318257002
Duolingo,Greenhouse,Senior iOS Software Engineer,https://careers.duolingo.com/jobs/8393272002?gh_jid=8393272002
Duolingo,Greenhouse,"Senior Marketing Manager, DET, India",https://careers.duolingo.com/jobs/8325266002?gh_jid=8325266002
Duolingo,Greenhouse,Senior Platform Engineer,https://careers.duolingo.com/jobs/8449936002?gh_jid=8449936002
Duolingo,Greenhouse,Senior Platform Engineer,https://careers.duolingo.com/jobs/8111918002?gh_jid=8111918002
Duolingo,Greenhouse,Senior Platform Engineering Manager,https://careers.duolingo.com/jobs/8390632002?gh_jid=8390632002
Duolingo,Greenhouse,Senior Product Designer,https://careers.duolingo.com/jobs/8402493002?gh_jid=8402493002
Duolingo,Greenhouse,Senior Product Design Manager,https://careers.duolingo.com/jobs/8385193002?gh_jid=8385193002
Duolingo,Greenhouse,Senior Product Design Manager,https://careers.duolingo.com/jobs/8385195002?gh_jid=8385195002
Duolingo,Greenhouse,"Senior Product Manager, In-App Purchases",https://careers.duolingo.com/jobs/8400738002?gh_jid=8400738002
Duolingo,Greenhouse,"Senior Product Manager, Learning",https://careers.duolingo.com/jobs/7833425002?gh_jid=7833425002
Duolingo,Greenhouse,"Senior Product Manager, Learning",https://careers.duolingo.com/jobs/8377539002?gh_jid=8377539002
Duolingo,Greenhouse,"Senior Product Manager, Score",https://careers.duolingo.com/jobs/8230258002?gh_jid=8230258002
Duolingo,Greenhouse,"Senior Product Manager, Score",https://careers.duolingo.com/jobs/8393330002?gh_jid=8393330002
Duolingo,Greenhouse,"Senior Product Manager, Social Growth",https://careers.duolingo.com/jobs/8409034002?gh_jid=8409034002
Duolingo,Greenhouse,Senior Scaling Operations Program Manager,https://careers.duolingo.com/jobs/8400497002?gh_jid=8400497002
Duolingo,Greenhouse,Senior Scaling Operations Program Manager,https://careers.duolingo.com/jobs/8400447002?gh_jid=8400447002
Duolingo,Greenhouse,"Senior Software Engineer, Backend",https://careers.duolingo.com/jobs/8328205002?gh_jid=8328205002
Duolingo,Greenhouse,"Senior Software Engineer, Backend",https://careers.duolingo.com/jobs/8457170002?gh_jid=8457170002
Duolingo,Greenhouse,"Senior Software Engineer, Chess",https://careers.duolingo.com/jobs/8445379002?gh_jid=8445379002
Duolingo,Greenhouse,Senior Talent Attraction Partner,https://careers.duolingo.com/jobs/8455014002?gh_jid=8455014002
Duolingo,Greenhouse,Senior Talent Attraction Partner,https://careers.duolingo.com/jobs/8455005002?gh_jid=8455005002
Duolingo,Greenhouse,Senior University Recruiter,https://careers.duolingo.com/jobs/8457640002?gh_jid=8457640002
Duolingo,Greenhouse,"Social Content Creator, Intern",https://careers.duolingo.com/jobs/8301519002?gh_jid=8301519002
Duolingo,Greenhouse,"Staff Data Scientist, Forecasting in Monetization",https://careers.duolingo.com/jobs/8385155002?gh_jid=8385155002
Duolingo,Greenhouse,"Staff iOS Engineer, App Builds",https://careers.duolingo.com/jobs/8322733002?gh_jid=8322733002
Duolingo,Greenhouse,Staff Product Designer,https://careers.duolingo.com/jobs/8200010002?gh_jid=8200010002
Duolingo,Greenhouse,Staff Product Designer,https://careers.duolingo.com/jobs/8200009002?gh_jid=8200009002
Duolingo,Greenhouse,"Staff Product Manager, Growth",https://careers.duolingo.com/jobs/8425895002?gh_jid=8425895002
Duolingo,Greenhouse,"Staff Product Manager, Growth",https://careers.duolingo.com/jobs/8425925002?gh_jid=8425925002
Duolingo,Greenhouse,Staff Technical Program Manager,https://careers.duolingo.com/jobs/8359425002?gh_jid=8359425002
Duolingo,Greenhouse,Talent Attraction Partner,https://careers.duolingo.com/jobs/8454951002?gh_jid=8454951002
Duolingo,Greenhouse,Talent Attraction Partner,https://careers.duolingo.com/jobs/8454982002?gh_jid=8454982002
Grammarly,Greenhouse,AI Platform Engineer,https://job-boards.greenhouse.io/grammarly/jobs/7630392
Grammarly,Greenhouse,Alliances Partner Engineer,https://job-boards.greenhouse.io/grammarly/jobs/7584412
Grammarly,Greenhouse,Applied Research Scientist,https://job-boards.greenhouse.io/grammarly/jobs/7340727
Grammarly,Greenhouse,Business Development Representative,https://job-boards.greenhouse.io/grammarly/jobs/6087850
Grammarly,Greenhouse,"Business Development Representative, Superhuman for Education",https://job-boards.greenhouse.io/grammarly/jobs/7563695
Grammarly,Greenhouse,Compliance Program Manager,https://job-boards.greenhouse.io/grammarly/jobs/7715999
Grammarly,Greenhouse,"Customer Care Specialist, Grammarly",https://job-boards.greenhouse.io/grammarly/jobs/7599679
Grammarly,Greenhouse,"Customer Care Specialist, Grammarly",https://job-boards.greenhouse.io/grammarly/jobs/6446829
Grammarly,Greenhouse,"Customer Care Specialist, Superhuman Mail",https://job-boards.greenhouse.io/grammarly/jobs/7559241
Grammarly,Greenhouse,Data Scientist,https://job-boards.greenhouse.io/grammarly/jobs/6458934
Grammarly,Greenhouse,"Demand Manager, Superhuman Mail",https://job-boards.greenhouse.io/grammarly/jobs/7710516
Grammarly,Greenhouse,Early Career Program,https://job-boards.greenhouse.io/grammarly/jobs/7474047
Grammarly,Greenhouse,"Engineering Manager, Go - Assist & Chat",https://job-boards.greenhouse.io/grammarly/jobs/7630671
Grammarly,Greenhouse,"Engineering Manager, Growth",https://job-boards.greenhouse.io/grammarly/jobs/7624549
Grammarly,Greenhouse,"Enterprise Customer Success Manager, Grammarly for Education",https://job-boards.greenhouse.io/grammarly/jobs/7614564
Grammarly,Greenhouse,"Group Manager, Acquisition Marketing, B2B",https://job-boards.greenhouse.io/grammarly/jobs/7542930
Grammarly,Greenhouse,"Group Product Manager, Growth (Superhuman Mail)",https://job-boards.greenhouse.io/grammarly/jobs/7361500
Grammarly,Greenhouse,"Growth Product Designer, Activation",https://job-boards.greenhouse.io/grammarly/jobs/7556100
Grammarly,Greenhouse,Growth Product Manager,https://job-boards.greenhouse.io/grammarly/jobs/7308837
Grammarly,Greenhouse,Head of Enterprise Design,https://job-boards.greenhouse.io/grammarly/jobs/7392279
Grammarly,Greenhouse,IT Helpdesk Engineer,https://job-boards.greenhouse.io/grammarly/jobs/7618746
Grammarly,Greenhouse,IT Operations Engineer,https://job-boards.greenhouse.io/grammarly/jobs/7391476
Grammarly,Greenhouse,Legal Operations Manager,https://job-boards.greenhouse.io/grammarly/jobs/7612032
Grammarly,Greenhouse,"Legal Program Manager - Product, Privacy, and Policy",https://job-boards.greenhouse.io/grammarly/jobs/7359372
Grammarly,Greenhouse,"Machine Learning Engineer, Agents",https://job-boards.greenhouse.io/grammarly/jobs/6392339
Grammarly,Greenhouse,"Performance Marketing Lead, Paid Social, Display & Video",https://job-boards.greenhouse.io/grammarly/jobs/7429878
Grammarly,Greenhouse,Privacy Counsel,https://job-boards.greenhouse.io/grammarly/jobs/7599416
Grammarly,Greenhouse,Product Manager,https://job-boards.greenhouse.io/grammarly/jobs/7456713
Grammarly,Greenhouse,QA Engineer,https://job-boards.greenhouse.io/grammarly/jobs/7587473
Grammarly,Greenhouse,Security Engineer,https://job-boards.greenhouse.io/grammarly/jobs/7686679
Grammarly,Greenhouse,Senior Brand Events Manager,https://job-boards.greenhouse.io/grammarly/jobs/7704642
Grammarly,Greenhouse,Senior Equity Operations Manager,https://job-boards.greenhouse.io/grammarly/jobs/7172132
Grammarly,Greenhouse,"Senior Financial Analyst, GTM",https://job-boards.greenhouse.io/grammarly/jobs/7517053
Grammarly,Greenhouse,Senior Financial Planning & Analysis Manager,https://job-boards.greenhouse.io/grammarly/jobs/7505079
Grammarly,Greenhouse,Senior Manager of Revenue Accounting & Operations,https://job-boards.greenhouse.io/grammarly/jobs/7584198
Grammarly,Greenhouse,Senior Product Counsel,https://job-boards.greenhouse.io/grammarly/jobs/7477732
Grammarly,Greenhouse,"Senior Product Designer, Coda",https://job-boards.greenhouse.io/grammarly/jobs/7470269
Grammarly,Greenhouse,"Senior Product Designer, Mail",https://job-boards.greenhouse.io/grammarly/jobs/7660257
Grammarly,Greenhouse,"Senior Product Designer, Mobile",https://job-boards.greenhouse.io/grammarly/jobs/7663987
Grammarly,Greenhouse,"Senior Product Design Manager, Growth",https://job-boards.greenhouse.io/grammarly/jobs/7275637
Grammarly,Greenhouse,"Senior Product Manager, Mobile",https://job-boards.greenhouse.io/grammarly/jobs/7618798
Grammarly,Greenhouse,"Senior Product Marketing Manager, Growth",https://job-boards.greenhouse.io/grammarly/jobs/7536540
Grammarly,Greenhouse,"Senior Product Marketing Manager, Platform and Ecosystem",https://job-boards.greenhouse.io/grammarly/jobs/7356812
Grammarly,Greenhouse,Senior Recruiting Operations Program Manager,https://job-boards.greenhouse.io/grammarly/jobs/7656627
Grammarly,Greenhouse,Senior Technical Recruiter,https://job-boards.greenhouse.io/grammarly/jobs/7398652
Grammarly,Greenhouse,"Senior User Researcher, Agents",https://job-boards.greenhouse.io/grammarly/jobs/7355976
Grammarly,Greenhouse,Site Reliability Engineer,https://job-boards.greenhouse.io/grammarly/jobs/6994860
Grammarly,Greenhouse,"Software Engineer, Android",https://job-boards.greenhouse.io/grammarly/jobs/6624431
Grammarly,Greenhouse,"Software Engineer, Back-End",https://job-boards.greenhouse.io/grammarly/jobs/6467233
Grammarly,Greenhouse,"Software Engineer, Backend (Superhuman Mail)",https://job-boards.greenhouse.io/grammarly/jobs/7339557
Grammarly,Greenhouse,"Software Engineer, Data Engineering",https://job-boards.greenhouse.io/grammarly/jobs/6259939
Grammarly,Greenhouse,"Software Engineer, Data Engineering",https://job-boards.greenhouse.io/grammarly/jobs/7336882
Grammarly,Greenhouse,"Software Engineer, Frontend",https://job-boards.greenhouse.io/grammarly/jobs/7271992
Grammarly,Greenhouse,"Software Engineer, Front-End",https://job-boards.greenhouse.io/grammarly/jobs/5856195
Grammarly,Greenhouse,"Software Engineer, Full-Stack",https://job-boards.greenhouse.io/grammarly/jobs/7308798
Grammarly,Greenhouse,"Software Engineer, Full-Stack",https://job-boards.greenhouse.io/grammarly/jobs/7333571
Grammarly,Greenhouse,"Software Engineer, Full-Stack",https://job-boards.greenhouse.io/grammarly/jobs/6928720
Grammarly,Greenhouse,"Software Engineer, Full-Stack",https://job-boards.greenhouse.io/grammarly/jobs/6356355
Grammarly,Greenhouse,"Software Engineer, Full-Stack",https://job-boards.greenhouse.io/grammarly/jobs/7641282
Grammarly,Greenhouse,"Software Engineer, Infrastructure",https://job-boards.greenhouse.io/grammarly/jobs/7633954
Grammarly,Greenhouse,Software Engineer Intern (Summer 2026),https://job-boards.greenhouse.io/grammarly/jobs/7657265
Grammarly,Greenhouse,Sourcer,https://job-boards.greenhouse.io/grammarly/jobs/7367467
Grammarly,Greenhouse,"Sr. Manager, Sales Engineering",https://job-boards.greenhouse.io/grammarly/jobs/7678930
Grammarly,Greenhouse,"Sr. Product Manager, Cross Product Services",https://job-boards.greenhouse.io/grammarly/jobs/7270138
Grammarly,Greenhouse,"Sr. Technical Program Manager, Growth",https://job-boards.greenhouse.io/grammarly/jobs/7387760
Grammarly,Greenhouse,"Staff Product Designer, Go Enterprise",https://job-boards.greenhouse.io/grammarly/jobs/7663989
Grammarly,Greenhouse,"Staff Technical Program Manager, Coda",https://job-boards.greenhouse.io/grammarly/jobs/7387759
Grammarly,Greenhouse,Superhuman Mail Head of Product,https://job-boards.greenhouse.io/grammarly/jobs/7308929
Grammarly,Greenhouse,Workplace Operations Manager,https://job-boards.greenhouse.io/grammarly/jobs/7686896
Reddit,Greenhouse,3rd Party Partnerships Manager - Commerce,https://job-boards.greenhouse.io/reddit/jobs/7617155
Reddit,Greenhouse,3rd Party Partnerships Manager - EMEA,https://job-boards.greenhouse.io/reddit/jobs/7463850
Reddit,Greenhouse,"Acquisition Client Partner, Mid-Market (Southern Europe)",https://job-boards.greenhouse.io/reddit/jobs/7011741
Reddit,Greenhouse,"Android Software Engineer, Ad Formats",https://job-boards.greenhouse.io/reddit/jobs/7415052
Reddit,Greenhouse,"Android Software Engineer, Ad Formats",https://job-boards.greenhouse.io/reddit/jobs/7415013
Reddit,Greenhouse,"Android Software Engineer, Ad Formats",https://job-boards.greenhouse.io/reddit/jobs/7415003
Reddit,Greenhouse,"Android Software Engineer, Ad Formats",https://job-boards.greenhouse.io/reddit/jobs/7414993
Reddit,Greenhouse,"Backend Engineer, Feeds Experience",https://job-boards.greenhouse.io/reddit/jobs/7565219
Reddit,Greenhouse,"Channel Partnerships Lead, APAC",https://job-boards.greenhouse.io/reddit/jobs/7523456
Reddit,Greenhouse,"Client Account Executive, Mid-Market (App Dev)",https://job-boards.greenhouse.io/reddit/jobs/7413698
Reddit,Greenhouse,"Client Account Executive, Mid-Market (Services)",https://job-boards.greenhouse.io/reddit/jobs/7656455
Reddit,Greenhouse,"Client Account Manager, Global Strategic Accounts (Tech)",https://job-boards.greenhouse.io/reddit/jobs/7612008
Reddit,Greenhouse,"Client Account Manager, Large Customer Sales (Auto)",https://job-boards.greenhouse.io/reddit/jobs/7531536
Reddit,Greenhouse,"Client Account Manager, Mid-Market (B2B Services - Acquisitions)",https://job-boards.greenhouse.io/reddit/jobs/7659580
Reddit,Greenhouse,"Client Partner, Acquisitions DACH",https://job-boards.greenhouse.io/reddit/jobs/7420175
Reddit,Greenhouse,Community Manager - French speaker (contract),https://job-boards.greenhouse.io/reddit/jobs/7669372
Reddit,Greenhouse,Community Solutions Architect,https://job-boards.greenhouse.io/reddit/jobs/7527647
Reddit,Greenhouse,Data Science Manager,https://job-boards.greenhouse.io/reddit/jobs/6686373
Reddit,Greenhouse,"Data Scientist, Ads",https://job-boards.greenhouse.io/reddit/jobs/7607124
Reddit,Greenhouse,"Data Scientist, Ads",https://job-boards.greenhouse.io/reddit/jobs/6580815
Reddit,Greenhouse,"Director, Channel Partnerships",https://job-boards.greenhouse.io/reddit/jobs/7517689
Reddit,Greenhouse,"Director, Channel Partnerships",https://job-boards.greenhouse.io/reddit/jobs/7517665
Reddit,Greenhouse,"Director, Mid-Market Sales (B2B Services)",https://job-boards.greenhouse.io/reddit/jobs/7532202
Reddit,Greenhouse,"Director, Mid-Market Sales (B2B Services)",https://job-boards.greenhouse.io/reddit/jobs/7519923
Reddit,Greenhouse,"Director, North America Agency Development",https://job-boards.greenhouse.io/reddit/jobs/6465744
Reddit,Greenhouse,"Director of Design, Ads Platform",https://job-boards.greenhouse.io/reddit/jobs/7666317
Reddit,Greenhouse,"Director of Design, Content Ecosystem",https://job-boards.greenhouse.io/reddit/jobs/7644191
Reddit,Greenhouse,"Director of Machine Learning, Safety & Mods",https://job-boards.greenhouse.io/reddit/jobs/7430544
Reddit,Greenhouse,"Director, SMB Sales EMEA",https://job-boards.greenhouse.io/reddit/jobs/7517679
Reddit,Greenhouse,"Engineering Manager, Data Pipeline",https://job-boards.greenhouse.io/reddit/jobs/6884160
Reddit,Greenhouse,"Engineering Manager, Notifications Relevance",https://job-boards.greenhouse.io/reddit/jobs/7340793
Reddit,Greenhouse,"Experience Coordinator, San Francisco",https://job-boards.greenhouse.io/reddit/jobs/7700153
Reddit,Greenhouse,"Experience Partner, Real Estate Leasing and Operations",https://job-boards.greenhouse.io/reddit/jobs/7686440
Reddit,Greenhouse,"Industry Manager, Global Strategic Accounts",https://job-boards.greenhouse.io/reddit/jobs/7648529
Reddit,Greenhouse,"iOS Software Engineer, Ad Formats",https://job-boards.greenhouse.io/reddit/jobs/7414842
Reddit,Greenhouse,"iOS Software Engineer, Ad Formats",https://job-boards.greenhouse.io/reddit/jobs/7415041
Reddit,Greenhouse,"iOS Software Engineer, Ad Formats",https://job-boards.greenhouse.io/reddit/jobs/7414849
Reddit,Greenhouse,"Lead, Advertising Measurement (London)",https://job-boards.greenhouse.io/reddit/jobs/7458421
Reddit,Greenhouse,"Machine Learning Engineer, Search and Answers",https://job-boards.greenhouse.io/reddit/jobs/6534982
Reddit,Greenhouse,"Manager, Program Management (Vendor Operations)",https://job-boards.greenhouse.io/reddit/jobs/7492101
Reddit,Greenhouse,Marketing Science Research and Partnerships Manager,https://job-boards.greenhouse.io/reddit/jobs/7591883
Reddit,Greenhouse,"On Campus Ambassador, India (Contractor)",https://job-boards.greenhouse.io/reddit/jobs/7090049
Reddit,Greenhouse,"On Campus Ambassador, Philippines (Contractor)",https://job-boards.greenhouse.io/reddit/jobs/7090134
Reddit,Greenhouse,Platform Regulatory Assurance Manager,https://job-boards.greenhouse.io/reddit/jobs/7634813
Reddit,Greenhouse,"Principal Data Scientist, Ads",https://job-boards.greenhouse.io/reddit/jobs/7330347
Reddit,Greenhouse,"Principal Product Designer, Ads Platform",https://job-boards.greenhouse.io/reddit/jobs/7524329
Reddit,Greenhouse,"Product Adoption Manager, Lower Funnel",https://job-boards.greenhouse.io/reddit/jobs/7362539
Reddit,Greenhouse,"Product Adoption Manager, Shopping",https://job-boards.greenhouse.io/reddit/jobs/7590156
Reddit,Greenhouse,"Product Communications Lead, Global",https://job-boards.greenhouse.io/reddit/jobs/7682201
Reddit,Greenhouse,"Senior Account Executive, Mid-Market (NL)",https://job-boards.greenhouse.io/reddit/jobs/7560152
Reddit,Greenhouse,"Senior Account Executive, Mid-Market (Nordics)",https://job-boards.greenhouse.io/reddit/jobs/7474432
Reddit,Greenhouse,Senior Analytics Engineer,https://job-boards.greenhouse.io/reddit/jobs/7445224
Reddit,Greenhouse,"Senior Android Engineer, Apps Platform (Performance)",https://job-boards.greenhouse.io/reddit/jobs/7370704
Reddit,Greenhouse,"Senior Android Engineer, Apps Platform (Performance)",https://job-boards.greenhouse.io/reddit/jobs/7370711
Reddit,Greenhouse,"Senior Android Engineer, Apps Platform (Performance)",https://job-boards.greenhouse.io/reddit/jobs/7370708
Reddit,Greenhouse,"Senior Client Account Manager, App Dev Enterprise",https://job-boards.greenhouse.io/reddit/jobs/7702201
Reddit,Greenhouse,"Senior Client Account Manager, AUS",https://job-boards.greenhouse.io/reddit/jobs/7460574
Reddit,Greenhouse,Senior Client Account Manager (Contract),https://job-boards.greenhouse.io/reddit/jobs/7391478
Reddit,Greenhouse,"Senior Client Account Manager, Global Strategic Accounts (Tech)",https://job-boards.greenhouse.io/reddit/jobs/7630209
Reddit,Greenhouse,"Senior Client Account Manager, Global Strategic Accounts (Tech)",https://job-boards.greenhouse.io/reddit/jobs/7624517
Reddit,Greenhouse,"Senior Client Account Manager, Large Customer Sales (Canada)",https://job-boards.greenhouse.io/reddit/jobs/7706962
Reddit,Greenhouse,"Senior Client Account Manager, Mid-Market (Goods - Shopping)",https://job-boards.greenhouse.io/reddit/jobs/7543464
Reddit,Greenhouse,"Senior Client Partner, App Dev Enterprise",https://job-boards.greenhouse.io/reddit/jobs/7694751
Reddit,Greenhouse,"Senior Client Partner, App Dev Enterprise",https://job-boards.greenhouse.io/reddit/jobs/7649735
Reddit,Greenhouse,"Senior Client Partner, Global Strategic Accounts (Tech)",https://job-boards.greenhouse.io/reddit/jobs/7624463
Reddit,Greenhouse,"Senior Client Partner, Large Customer Sales (Canada)",https://job-boards.greenhouse.io/reddit/jobs/7706955
Reddit,Greenhouse,"Senior Client Partner, Large Customer Sales (Retail Beauty)",https://job-boards.greenhouse.io/reddit/jobs/7454499
Reddit,Greenhouse,"Senior Client Partner, Large Customer Sales (Sydney)",https://job-boards.greenhouse.io/reddit/jobs/7456660
Reddit,Greenhouse,"Senior Client Partner, Large Customer Sales (Tech)",https://job-boards.greenhouse.io/reddit/jobs/7561756
Reddit,Greenhouse,"Senior Client Partner, Mid-Market (AppDev, Acquisitions)",https://job-boards.greenhouse.io/reddit/jobs/7642837
Reddit,Greenhouse,"Senior Client Partner, Mid-Market (B2B Services)",https://job-boards.greenhouse.io/reddit/jobs/7453346
Reddit,Greenhouse,"Senior Counsel, Employment & Litigation",https://job-boards.greenhouse.io/reddit/jobs/7571315
Reddit,Greenhouse,"Senior Counsel, Regulatory Affairs",https://job-boards.greenhouse.io/reddit/jobs/7568190
Reddit,Greenhouse,Senior Creative Strategist,https://job-boards.greenhouse.io/reddit/jobs/7716338
Reddit,Greenhouse,"Senior Data Scientist, Ads",https://job-boards.greenhouse.io/reddit/jobs/7607121
Reddit,Greenhouse,"Senior Data Scientist, Ads",https://job-boards.greenhouse.io/reddit/jobs/6042236
Reddit,Greenhouse,"Senior Data Scientist, Consumer",https://job-boards.greenhouse.io/reddit/jobs/7275414
Reddit,Greenhouse,"Senior Engineering Manager, Unified Embeddings Platform",https://job-boards.greenhouse.io/reddit/jobs/7359367
Reddit,Greenhouse,Senior Machine Learning Engineer,https://job-boards.greenhouse.io/reddit/jobs/7697512
Reddit,Greenhouse,"Senior Machine Learning Engineer, Core Experience and Growth",https://job-boards.greenhouse.io/reddit/jobs/7391392
Reddit,Greenhouse,"Senior Machine Learning Engineer, Dev Platform Data and Discovery",https://job-boards.greenhouse.io/reddit/jobs/7377109
Reddit,Greenhouse,"Senior  Machine Learning Engineer, ML Training Platform",https://job-boards.greenhouse.io/reddit/jobs/7074776
Reddit,Greenhouse,"Senior Manager, Large Customer Sales (Tech)",https://job-boards.greenhouse.io/reddit/jobs/7540782
Reddit,Greenhouse,"Senior Manager, Large Customer Sales (Tech & Telco)",https://job-boards.greenhouse.io/reddit/jobs/7550767
Reddit,Greenhouse,"Senior Manager, Strategic Finance",https://job-boards.greenhouse.io/reddit/jobs/7674972
Reddit,Greenhouse,Senior Measurement Lead,https://job-boards.greenhouse.io/reddit/jobs/7559059
Reddit,Greenhouse,"Senior Product Designer, Growth",https://job-boards.greenhouse.io/reddit/jobs/7701558
Reddit,Greenhouse,"Senior Product Manager, Ads Identity & Attribution",https://job-boards.greenhouse.io/reddit/jobs/7527074
Reddit,Greenhouse,"Senior Product Manager, Brand Ads & Safety",https://job-boards.greenhouse.io/reddit/jobs/7462727
Reddit,Greenhouse,"Senior Product Manager, Safety",https://job-boards.greenhouse.io/reddit/jobs/7659809
Reddit,Greenhouse,"Senior Research Engineer, Post-training & Evaluation",https://job-boards.greenhouse.io/reddit/jobs/7555007
Reddit,Greenhouse,"Senior Software Engineer, Ads",https://job-boards.greenhouse.io/reddit/jobs/6909091
Reddit,Greenhouse,"Senior Software Engineer, Android Test Engineering",https://job-boards.greenhouse.io/reddit/jobs/7488986
Reddit,Greenhouse,"Senior Software Engineer, Android Test Engineering",https://job-boards.greenhouse.io/reddit/jobs/7488988
Reddit,Greenhouse,"Senior Software Engineer, Android Test Engineering",https://job-boards.greenhouse.io/reddit/jobs/7488992
Reddit,Greenhouse,"Senior Software Engineer, Android Test Engineering",https://job-boards.greenhouse.io/reddit/jobs/7488991
Reddit,Greenhouse,"Senior Software Engineer, Android Test Engineering",https://job-boards.greenhouse.io/reddit/jobs/7488862
Reddit,Greenhouse,"Senior Software Engineer, Site Defense",https://job-boards.greenhouse.io/reddit/jobs/7542779
Reddit,Greenhouse,"Senior Software Engineer, Site Defense",https://job-boards.greenhouse.io/reddit/jobs/7542751
Reddit,Greenhouse,"Senior Software Engineer, Site Defense",https://job-boards.greenhouse.io/reddit/jobs/7558455
Reddit,Greenhouse,"Senior Software Engineer, Site Defense",https://job-boards.greenhouse.io/reddit/jobs/7558457
Reddit,Greenhouse,"Senior Staff Engineer, Ads",https://job-boards.greenhouse.io/reddit/jobs/7624311
Reddit,Greenhouse,"Senior Staff Engineer, Cloud Economics",https://job-boards.greenhouse.io/reddit/jobs/7628291
Reddit,Greenhouse,Senior Staff Machine Learning Engineer,https://job-boards.greenhouse.io/reddit/jobs/6409611
Reddit,Greenhouse,"Senior Staff Machine Learning Engineer, Ads Ranking",https://job-boards.greenhouse.io/reddit/jobs/7517045
Reddit,Greenhouse,"Senior Staff Machine Learning Engineer, Feed Relevance",https://job-boards.greenhouse.io/reddit/jobs/6264211
Reddit,Greenhouse,"Senior Staff Software Engineer, Search Platform",https://job-boards.greenhouse.io/reddit/jobs/7341457
Reddit,Greenhouse,"Senior Technical Solutions Manager, Signals",https://job-boards.greenhouse.io/reddit/jobs/7624739
Reddit,Greenhouse,"Senior Technical Solutions Manager, Signals",https://job-boards.greenhouse.io/reddit/jobs/7488271
Reddit,Greenhouse,"Senior Technical Solutions Manager, Signals",https://job-boards.greenhouse.io/reddit/jobs/7477575
Reddit,Greenhouse,"Senior Web Engineer, Web Platform",https://job-boards.greenhouse.io/reddit/jobs/7638826
Reddit,Greenhouse,Software Engineer,https://job-boards.greenhouse.io/reddit/jobs/6909093
Reddit,Greenhouse,"Software Engineer, Ads",https://job-boards.greenhouse.io/reddit/jobs/6512458
Reddit,Greenhouse,"Software Engineer, Ads",https://job-boards.greenhouse.io/reddit/jobs/6469397
Reddit,Greenhouse,"Sr. Director of Design, Member Experiences",https://job-boards.greenhouse.io/reddit/jobs/7624178
Reddit,Greenhouse,Sr Technology FP&A Manager - Cloud Hosting,https://job-boards.greenhouse.io/reddit/jobs/7363444
Reddit,Greenhouse,"Staff Backend Software Engineer, Ads Business Manager",https://job-boards.greenhouse.io/reddit/jobs/7590453
Reddit,Greenhouse,Staff Corporate Accountant,https://job-boards.greenhouse.io/reddit/jobs/7705435
Reddit,Greenhouse,"Staff Data Scientist, Ads",https://job-boards.greenhouse.io/reddit/jobs/7607119
Reddit,Greenhouse,"Staff Data Scientist, Ads",https://job-boards.greenhouse.io/reddit/jobs/6706371
Reddit,Greenhouse,"Staff Data Scientist, Consumer",https://job-boards.greenhouse.io/reddit/jobs/6745284
Reddit,Greenhouse,"Staff Engineer, Ads Lift Measurement",https://job-boards.greenhouse.io/reddit/jobs/7684893
Reddit,Greenhouse,"Staff Machine Learning Engineer, Ads Auction (Ads Marketplace Quality)",https://job-boards.greenhouse.io/reddit/jobs/7181821
Reddit,Greenhouse,"Staff Product Manager, Ads Monetization - Searcher Monetization",https://job-boards.greenhouse.io/reddit/jobs/7483888
Reddit,Greenhouse,"Staff Research Engineer, Pre-training Data",https://job-boards.greenhouse.io/reddit/jobs/7554979
Reddit,Greenhouse,"Staff Research Engineer, Pre-training Science",https://job-boards.greenhouse.io/reddit/jobs/7554999
Reddit,Greenhouse,Staff Revenue Accountant,https://job-boards.greenhouse.io/reddit/jobs/7696211
Reddit,Greenhouse,Staff Software Engineer,https://job-boards.greenhouse.io/reddit/jobs/7167631
Reddit,Greenhouse,"Staff Software Engineer, Ads API",https://job-boards.greenhouse.io/reddit/jobs/7167632
Reddit,Greenhouse,"Staff Software Engineer, Ads API",https://job-boards.greenhouse.io/reddit/jobs/7167630
Reddit,Greenhouse,"Staff Software Engineer, Ads Business Manager",https://job-boards.greenhouse.io/reddit/jobs/7590460
Reddit,Greenhouse,"Staff Software Engineer, Ads Growth",https://job-boards.greenhouse.io/reddit/jobs/7656532
Reddit,Greenhouse,"Staff Software Engineer, Ads Safety",https://job-boards.greenhouse.io/reddit/jobs/7655999
Reddit,Greenhouse,"Staff Software Engineer - Continuous Integration, Developer Experience",https://job-boards.greenhouse.io/reddit/jobs/7342078
Reddit,Greenhouse,"Staff Software Engineer, Identity",https://job-boards.greenhouse.io/reddit/jobs/7595446
Reddit,Greenhouse,"Staff Software Engineer, ML Search",https://job-boards.greenhouse.io/reddit/jobs/6666410
Reddit,Greenhouse,"Staff Software Engineer, Storage",https://job-boards.greenhouse.io/reddit/jobs/7511698
Reddit,Greenhouse,"Staff Software Engineer, Storage",https://job-boards.greenhouse.io/reddit/jobs/7511679
Reddit,Greenhouse,"Staff Systems Engineer, AI Enablement and Productivity Engineering",https://job-boards.greenhouse.io/reddit/jobs/7336592
Reddit,Greenhouse,"Staff Technical Program Manager, Ads",https://job-boards.greenhouse.io/reddit/jobs/7375992
Reddit,Greenhouse,Strategic Community Specialist (contract),https://job-boards.greenhouse.io/reddit/jobs/6967193
Reddit,Greenhouse,Tax Planning Senior Manager,https://job-boards.greenhouse.io/reddit/jobs/7572902
Reddit,Greenhouse,"Vendor Performance Manager, North America",https://job-boards.greenhouse.io/reddit/jobs/7545290
Reddit,Greenhouse,"Workplace (Experience) Coordinator, Sydney (Contract)",https://job-boards.greenhouse.io/reddit/jobs/7284213
